Diet_type,Recipe_name,Cuisine_type,Protein_g,Carbs_g,Fat_g,Protein_to_Carbs_ratio,Carbs_to_Fat_ratio
dash,Salmon Mousse,nordic,1239.47,22.4,983.36,55.33348214285715,0.02277904328018223
dash,Homemade Turkey Alphabet Soup,american,1190.35,49.13,297.45,24.228577244046406,0.16517061691040513
dash,Barbecue Chicken Legs,mediterranean,1017.25,241.93,1002.07,4.204728640515851,0.2414302394044328
dash,12th Man Hot Wings,american,807.03,49.17,649.49,16.413056741915803,0.07570555358819997
dash,Jazzed Up Turkey Tetrazzini,american,517.47,575.58,377.75,0.8990409673720421,1.5237061548643285
keto,Sara Louise's Keto Smoked Holiday Turkey,american,1092.0,49.28,313.81,22.15909090909091,0.1570376979701093
keto,"Mayo Free Deviled Eggs (Paleo, Whole30 + Keto)",italian,766.99,41.29,287.59,18.575684185032696,0.14357244688619217
keto,"Low Carb Beef and Cheddar Cauliflower Bake, THM S meal, Keto too",british,710.81,112.56,1154.61,6.314943141435678,0.09748746329929588
keto,"Orange and Five-Spice Roasted Chicken Legs | Keto, Paleo",mediterranean,677.22,41.71,686.9,16.236394150083914,0.06072208472849032
keto,"Low Carb Salmon Cakes (Keto, Grain Free)",nordic,656.95,13.25,501.19,49.5811320754717,0.026437079750194537
mediterranean,Fava Bean Salad with Mountain Ham and Mint,american,970.31,823.34,322.84,1.1785046274928948,2.550303555941024
mediterranean,Poached Salt Cod with Vegetables and Garlic Mayonnaise,mediterranean,656.65,315.52,73.73,2.0811675963488843,4.279397802793977
mediterranean,Mediterranean Pizza,italian,628.29,3405.55,333.76,0.1844900236378852,10.203589405560884
mediterranean,Orange and Cumin Leg of Lamb with Roasted Tomatoes and Garlic Recipe,mediterranean,607.03,109.27,489.93,5.555321680241604,0.22303186169452777
mediterranean,Meatballs Braised with Kale,mediterranean,531.48,279.16,566.41,1.9038544204040693,0.49285853004007707
paleo,Swiss Paleo’s Homemade Italian & Chorizo Sausage,italian,1273.61,83.34,1608.54,15.282097432205422,0.05181095900630386
paleo,Turkey Soup,american,1142.58,693.64,287.86,1.6472233435211348,2.4096435767386923
paleo,"Orange and Five-Spice Roasted Chicken Legs | Keto, Paleo",mediterranean,677.22,41.71,686.9,16.236394150083914,0.06072208472849032
paleo,Vietnamese Pho Pressure Cooker (Noodle Soup),south east asian,602.91,274.87,400.01,2.193436897442427,0.6871578210544736
paleo,Paleo Slow Cooker Honey Garlic Chicken and Vegetables recipes,mediterranean,501.65,312.39,58.06,1.6058452575306508,5.380468480881846
vegan,Tangy Teriyaki Salmon,nordic,431.1,39.47,276.51,10.922219407144668,0.1427434812484178
vegan,Mini nut roasts with candied carrots,american,421.72,1636.67,267.25,0.25766953631459,6.124115996258186
vegan,Vegan Pinto Bean Chili,american,381.55,1264.46,37.23,0.30174936336459834,33.96347031963471
vegan,Vegan Chili and Cornbread Casserole,american,319.54,1159.0,291.7,0.27570319240724767,3.973260198834419
vegan,Kentucky fried seitan,mediterranean,317.43,703.99,534.41,0.4509012912115229,1.317321906401452
